what,kind,bundleId,bundleVersion,description,time
stopped,bundle,org.eclipse.egit.ui,1.1.0.201109151100-r,"org.eclipse.egit.ui",1329954243079
stopped,bundle,org.eclipse.equinox.p2.ui.sdk,1.0.200.v20110502-1955,"org.eclipse.equinox.p2.ui.sdk",1329954243080
stopped,bundle,org.eclipse.mylyn.java.tasks,3.6.0.v20110608-1400,"org.eclipse.mylyn.java.tasks",1329954243080
stopped,bundle,org.eclipse.mylyn.java.ui,3.6.0.v20110608-1400,"org.eclipse.mylyn.java.ui",1329954243081
stopped,bundle,org.eclipse.jdt.junit,3.7.0.v20110505-0800,"org.eclipse.jdt.junit",1329954243088
stopped,bundle,org.eclipse.jdt.apt.ui,3.3.300.v20110305-1450,"org.eclipse.jdt.apt.ui",1329954243089
stopped,bundle,org.eclipse.jdt.debug.ui,3.6.1.v20110803_r371,"org.eclipse.jdt.debug.ui",1329954243090
stopped,bundle,org.eclipse.wb.swing.databinding,1.1.0.r37x201109091143,"org.eclipse.wb.swing.databinding",1329954243094
stopped,bundle,org.eclipse.wb.core.databinding,1.1.0.r37x201109091012,"org.eclipse.wb.core.databinding",1329954243094
stopped,bundle,org.eclipse.wb.swing.FormLayout,1.1.0.r37x201109091143,"org.eclipse.wb.swing.FormLayout",1329954243095
stopped,bundle,org.eclipse.wb.swing.MigLayout,1.1.0.r37x201109091143,"org.eclipse.wb.swing.MigLayout",1329954243096
stopped,bundle,org.eclipse.wb.swing.java6,1.1.0.r37x201109091143,"org.eclipse.wb.swing.java6",1329954243096
stopped,bundle,org.eclipse.wb.swing.jsr296,1.1.0.r37x201109091143,"org.eclipse.wb.swing.jsr296",1329954243096
stopped,bundle,org.eclipse.wb.swing,1.1.0.r37x201109091143,"org.eclipse.wb.swing",1329954243099
stopped,bundle,org.eclipse.wb.core.ui,1.1.0.r37x201109091028,"org.eclipse.wb.core.ui",1329954243099
stopped,bundle,org.eclipse.wb.layout.group,1.1.0.r37x201109091112,"org.eclipse.wb.layout.group",1329954243100
stopped,bundle,org.eclipse.wb.os.macosx,1.1.0.r37x201109091012,"org.eclipse.wb.os.macosx",1329954243102
stopped,bundle,org.eclipse.wb.core,1.1.0.r37x201109091012,"org.eclipse.wb.core",1329954243103
stopped,bundle,org.eclipse.jdt.ui,3.7.1.r371_v20110824-0800,"org.eclipse.jdt.ui",1329954243115
stopped,bundle,org.eclipse.wst.dtd.ui,1.0.600.v201103171359,"org.eclipse.wst.dtd.ui",1329954243115
stopped,bundle,org.eclipse.wst.xsd.ui,1.2.404.v201105050216,"org.eclipse.wst.xsd.ui",1329954243117
stopped,bundle,org.eclipse.wst.xml.ui,1.1.201.v201108151912,"org.eclipse.wst.xml.ui",1329954243118
stopped,bundle,org.eclipse.wst.common.ui,1.1.500.v200911190730,"org.eclipse.wst.common.ui",1329954243119
stopped,bundle,org.eclipse.wst.sse.ui,1.3.1.v201108191312,"org.eclipse.wst.sse.ui",1329954243121
stopped,bundle,org.eclipse.search,3.7.0.v20110505-0800,"org.eclipse.search",1329954243121
activated,perspective,org.eclipse.jdt.ui,,"org.eclipse.jdt.ui.JavaPerspective",1329954408739
started,bundle,org.eclipse.osgi,3.7.1.R37x_v20110808-1106,"org.eclipse.osgi",1329954408740
started,bundle,org.eclipse.equinox.simpleconfigurator,1.0.200.v20110502-1955,"org.eclipse.equinox.simpleconfigurator",1329954408740
started,bundle,com.ibm.icu,4.4.2.v20110208,"com.ibm.icu",1329954408741
started,bundle,org.eclipse.core.contenttype,3.4.100.v20110423-0524,"org.eclipse.core.contenttype",1329954408741
started,bundle,org.eclipse.core.databinding.observable,1.4.0.I20110222-0800,"org.eclipse.core.databinding.observable",1329954408742
started,bundle,org.eclipse.core.expressions,3.4.300.v20110228,"org.eclipse.core.expressions",1329954408742
started,bundle,org.eclipse.core.filebuffers,3.5.200.v20110505-0800,"org.eclipse.core.filebuffers",1329954408742
started,bundle,org.eclipse.core.filesystem,1.3.100.v20110423-0524,"org.eclipse.core.filesystem",1329954408743
started,bundle,org.eclipse.core.jobs,3.5.100.v20110404,"org.eclipse.core.jobs",1329954408743
started,bundle,org.eclipse.core.net,1.2.100.I20110511-0800,"org.eclipse.core.net",1329954408744
started,bundle,org.eclipse.core.resources,3.7.100.v20110510-0712,"org.eclipse.core.resources",1329954408744
started,bundle,org.eclipse.core.runtime,3.7.0.v20110110,"org.eclipse.core.runtime",1329954408744
started,bundle,org.eclipse.core.runtime.compatibility,3.2.100.v20100505,"org.eclipse.core.runtime.compatibility",1329954408750
started,bundle,org.eclipse.core.runtime.compatibility.auth,3.2.200.v20110110,"org.eclipse.core.runtime.compatibility.auth",1329954408751
started,bundle,org.eclipse.debug.core,3.7.0.v20110518,"org.eclipse.debug.core",1329954408751
started,bundle,org.eclipse.egit.core,1.1.0.201109151100-r,"org.eclipse.egit.core",1329954408752
started,bundle,org.eclipse.egit.ui,1.1.0.201109151100-r,"org.eclipse.egit.ui",1329954408753
started,bundle,org.eclipse.epp.mpc.ui,1.1.1.I20110907-0947,"org.eclipse.epp.mpc.ui",1329954408753
started,bundle,org.eclipse.epp.usagedata.gathering,1.3.1.R201106061540,"org.eclipse.epp.usagedata.gathering",1329954408753
started,bundle,org.eclipse.epp.usagedata.recording,1.3.1.R201106061540,"org.eclipse.epp.usagedata.recording",1329954408754
started,bundle,org.eclipse.equinox.app,1.3.100.v20110321,"org.eclipse.equinox.app",1329954408754
started,bundle,org.eclipse.equinox.common,3.6.0.v20110523,"org.eclipse.equinox.common",1329954408754
started,bundle,org.eclipse.equinox.ds,1.3.1.R37x_v20110701,"org.eclipse.equinox.ds",1329954408755
started,bundle,org.eclipse.equinox.event,1.2.100.v20110502,"org.eclipse.equinox.event",1329954408755
started,bundle,org.eclipse.equinox.p2.core,2.1.0.v20110502-1955,"org.eclipse.equinox.p2.core",1329954408756
started,bundle,org.eclipse.equinox.p2.directorywatcher,1.0.300.v20110502-1955,"org.eclipse.equinox.p2.directorywatcher",1329954408756
started,bundle,org.eclipse.equinox.p2.engine,2.1.0.v20110511,"org.eclipse.equinox.p2.engine",1329954408757
started,bundle,org.eclipse.equinox.p2.metadata,2.1.0.v20110510,"org.eclipse.equinox.p2.metadata",1329954408757
started,bundle,org.eclipse.equinox.p2.metadata.repository,1.2.0.v20110511-1359,"org.eclipse.equinox.p2.metadata.repository",1329954408758
started,bundle,org.eclipse.equinox.p2.operations,2.1.0.v20110511-1821,"org.eclipse.equinox.p2.operations",1329954408758
started,bundle,org.eclipse.equinox.p2.reconciler.dropins,1.1.100.v20110510,"org.eclipse.equinox.p2.reconciler.dropins",1329954408758
started,bundle,org.eclipse.equinox.p2.repository,2.1.0.v20110601,"org.eclipse.equinox.p2.repository",1329954408759
started,bundle,org.eclipse.equinox.p2.ui.sdk.scheduler,1.0.100.v20110502-1955,"org.eclipse.equinox.p2.ui.sdk.scheduler",1329954408759
started,bundle,org.eclipse.equinox.p2.updatechecker,1.1.200.v20110502-1955,"org.eclipse.equinox.p2.updatechecker",1329954408760
started,bundle,org.eclipse.equinox.preferences,3.4.1.R37x_v20110725,"org.eclipse.equinox.preferences",1329954408760
started,bundle,org.eclipse.equinox.registry,3.5.101.R37x_v20110810-1611,"org.eclipse.equinox.registry",1329954408761
started,bundle,org.eclipse.equinox.security,1.1.1.R37x_v20110822-1018,"org.eclipse.equinox.security",1329954408761
started,bundle,org.eclipse.equinox.util,1.0.300.v20110502,"org.eclipse.equinox.util",1329954408762
started,bundle,org.eclipse.help,3.5.100.v20110426,"org.eclipse.help",1329954408762
started,bundle,org.eclipse.jdt.core,3.7.1.v_B76_R37x,"org.eclipse.jdt.core",1329954408762
started,bundle,org.eclipse.jdt.core.manipulation,1.4.0.v20110505-0800,"org.eclipse.jdt.core.manipulation",1329954408763
started,bundle,org.eclipse.jdt.launching,3.6.1.v20110803_r371,"org.eclipse.jdt.launching",1329954408763
started,bundle,org.eclipse.jdt.launching.macosx,3.2.100.v20110509,"org.eclipse.jdt.launching.macosx",1329954408764
started,bundle,org.eclipse.jdt.ui,3.7.1.r371_v20110824-0800,"org.eclipse.jdt.ui",1329954408766
started,bundle,org.eclipse.jface,3.7.0.I20110522-1430,"org.eclipse.jface",1329954408766
started,bundle,org.eclipse.jgit,1.1.0.201109151100-r,"org.eclipse.jgit",1329954408766
started,bundle,org.eclipse.jsch.core,1.1.300.I20110514-0800,"org.eclipse.jsch.core",1329954408766
started,bundle,org.eclipse.m2e.logback.configuration,1.0.100.20110804-1717,"org.eclipse.m2e.logback.configuration",1329954408766
started,bundle,org.eclipse.mylyn.bugzilla.core,3.6.2.v20110903-0100,"org.eclipse.mylyn.bugzilla.core",1329954408767
started,bundle,org.eclipse.mylyn.bugzilla.ui,3.6.0.v20110608-1400,"org.eclipse.mylyn.bugzilla.ui",1329954408767
started,bundle,org.eclipse.mylyn.commons.identity,0.8.0.v20110608-1400,"org.eclipse.mylyn.commons.identity",1329954408767
started,bundle,org.eclipse.mylyn.commons.net,3.6.0.v20110608-1400,"org.eclipse.mylyn.commons.net",1329954408767
started,bundle,org.eclipse.mylyn.commons.ui,3.6.1.v20110720-0100,"org.eclipse.mylyn.commons.ui",1329954408768
started,bundle,org.eclipse.mylyn.context.core,3.6.1.v20110720-0100,"org.eclipse.mylyn.context.core",1329954408768
started,bundle,org.eclipse.mylyn.context.ui,3.6.0.v20110608-1400,"org.eclipse.mylyn.context.ui",1329954408769
started,bundle,org.eclipse.mylyn.monitor.ui,3.6.0.v20110608-1400,"org.eclipse.mylyn.monitor.ui",1329954408769
started,bundle,org.eclipse.mylyn.tasks.ui,3.6.2.v20110826-0100,"org.eclipse.mylyn.tasks.ui",1329954408770
started,bundle,org.eclipse.mylyn.team.ui,3.6.1.v20110825-0100,"org.eclipse.mylyn.team.ui",1329954408770
started,bundle,org.eclipse.search,3.7.0.v20110505-0800,"org.eclipse.search",1329954408771
started,bundle,org.eclipse.team.core,3.6.0.I20110525-0800,"org.eclipse.team.core",1329954408771
started,bundle,org.eclipse.team.cvs.core,3.3.400.I20110510-0800,"org.eclipse.team.cvs.core",1329954408771
started,bundle,org.eclipse.team.cvs.ui,3.3.400.I20110510-0800,"org.eclipse.team.cvs.ui",1329954408772
started,bundle,org.eclipse.team.ui,3.6.100.I20110525-0800,"org.eclipse.team.ui",1329954408773
started,bundle,org.eclipse.ui,3.7.0.I20110602-0100,"org.eclipse.ui",1329954408773
started,bundle,org.eclipse.ui.console,3.5.100.v20110511,"org.eclipse.ui.console",1329954408774
started,bundle,org.eclipse.ui.editors,3.7.0.v20110517-0800,"org.eclipse.ui.editors",1329954408774
started,bundle,org.eclipse.ui.forms,3.5.100.v20110425,"org.eclipse.ui.forms",1329954408775
started,bundle,org.eclipse.ui.ide,3.7.0.v20110809-1737,"org.eclipse.ui.ide",1329954408776
started,bundle,org.eclipse.ui.net,1.2.100.I20110511-0800,"org.eclipse.ui.net",1329954408776
started,bundle,org.eclipse.ui.views,3.6.0.I20110412-0800,"org.eclipse.ui.views",1329954408776
started,bundle,org.eclipse.ui.workbench,3.7.0.I20110519-0100,"org.eclipse.ui.workbench",1329954408777
started,bundle,org.eclipse.ui.workbench.texteditor,3.7.0.v20110505-0800,"org.eclipse.ui.workbench.texteditor",1329954408778
started,bundle,org.eclipse.update.configurator,3.3.100.v20100512,"org.eclipse.update.configurator",1329954408778
started,bundle,org.eclipse.update.core,3.2.500.v20110330,"org.eclipse.update.core",1329954408780
started,bundle,org.eclipse.update.scheduler,3.2.300.v20100512,"org.eclipse.update.scheduler",1329954408782
started,bundle,org.eclipse.wb.discovery.core,1.1.0.r37x201109091028,"org.eclipse.wb.discovery.core",1329954408782
os,sysinfo,,,"macosx",1329954408785
arch,sysinfo,,,"x86_64",1329954408785
ws,sysinfo,,,"cocoa",1329954408785
locale,sysinfo,,,"en_US",1329954408785
processors,sysinfo,,,"4",1329954408785
java.runtime.name,sysinfo,,,"Java(TM) SE Runtime Environment",1329954408785
java.runtime.version,sysinfo,,,"1.6.0_29-b11-402-11D50b",1329954408785
java.specification.name,sysinfo,,,"Java Platform API Specification",1329954408785
java.specification.vendor,sysinfo,,,"Sun Microsystems Inc.",1329954408785
java.specification.version,sysinfo,,,"1.6",1329954408785
java.vendor,sysinfo,,,"Apple Inc.",1329954408785
java.version,sysinfo,,,"1.6.0_29",1329954408785
java.vm.info,sysinfo,,,"mixed mode",1329954408785
java.vm.name,sysinfo,,,"Java HotSpot(TM) 64-Bit Server VM",1329954408785
java.vm.specification.name,sysinfo,,,"Java Virtual Machine Specification",1329954408785
java.vm.specification.vendor,sysinfo,,,"Sun Microsystems Inc.",1329954408785
java.vm.specification.version,sysinfo,,,"1.0",1329954408785
java.vm.vendor,sysinfo,,,"Apple Inc.",1329954408785
java.vm.version,sysinfo,,,"20.4-b02-402",1329954408785
started,bundle,org.eclipse.m2e.usagedata,1.0.100.20110804-1717,"org.eclipse.m2e.usagedata",1329954408789
started,bundle,org.eclipse.wb.discovery.ui,1.1.0.r37x201109091028,"org.eclipse.wb.discovery.ui",1329954408867
opened,view,org.eclipse.ui.ide,3.7.0.v20110809-1737,"org.eclipse.ui.views.ProblemView",1329954413304
started,bundle,org.eclipse.wb.core.lib,1.1.0.r37x201109091012,"org.eclipse.wb.core.lib",1329954414818
started,bundle,org.eclipse.wb.core,1.1.0.r37x201109091012,"org.eclipse.wb.core",1329954414834
deactivated,workbench,org.eclipse.ui.workbench,3.7.0.I20110519-0100,"",1329954415701
activated,workbench,org.eclipse.ui.workbench,3.7.0.I20110519-0100,"",1329954417892
executed,command,org.eclipse.ui,3.7.0.I20110602-0100,"org.eclipse.ui.newWizard",1329954417919
executed,command,org.eclipse.ui,3.7.0.I20110602-0100,"org.eclipse.ui.file.refresh",1329954433469
deactivated,workbench,org.eclipse.ui.workbench,3.7.0.I20110519-0100,"",1329954449966
activated,workbench,org.eclipse.ui.workbench,3.7.0.I20110519-0100,"",1329954467054
executed,command,org.eclipse.ui,3.7.0.I20110602-0100,"org.eclipse.ui.file.import",1329954467086
started,bundle,org.eclipse.wst.server.core,1.1.303.v20110816_1717,"org.eclipse.wst.server.core",1329954467123
started,bundle,org.eclipse.jdt.apt.core,3.3.500.v20110420-1015,"org.eclipse.jdt.apt.core",1329954467225
started,bundle,org.eclipse.jdt.apt.pluggable.core,1.0.400.v20110305-1450,"org.eclipse.jdt.apt.pluggable.core",1329954467230
started,bundle,org.eclipse.debug.ui,3.7.101.v20110817_r371,"org.eclipse.debug.ui",1329954471090
started,bundle,org.eclipse.jdt.debug,3.7.1.v20110802_r371,"org.eclipse.jdt.debug",1329954471379
started,bundle,org.eclipse.jdt.debug.ui,3.6.1.v20110803_r371,"org.eclipse.jdt.debug.ui",1329954471443
deactivated,workbench,org.eclipse.ui.workbench,3.7.0.I20110519-0100,"",1329954471499
activated,workbench,org.eclipse.ui.workbench,3.7.0.I20110519-0100,"",1329954474108
deactivated,workbench,org.eclipse.ui.workbench,3.7.0.I20110519-0100,"",1329954474622
activated,workbench,org.eclipse.ui.workbench,3.7.0.I20110519-0100,"",1329954478187
deactivated,workbench,org.eclipse.ui.workbench,3.7.0.I20110519-0100,"",1329954482903
activated,workbench,org.eclipse.ui.workbench,3.7.0.I20110519-0100,"",1329954491741
executed,command,org.eclipse.ui.ide,3.7.0.v20110809-1737,"org.eclipse.ui.project.properties",1329954491772
started,bundle,org.eclipse.ltk.core.refactoring,3.5.201.r371_v20110824-0800,"org.eclipse.ltk.core.refactoring",1329954525393
started,bundle,org.eclipse.ltk.ui.refactoring,3.6.0.v20110505-0800,"org.eclipse.ltk.ui.refactoring",1329954525394
started,bundle,org.eclipse.compare.core,3.5.200.I20110208-0800,"org.eclipse.compare.core",1329954527165
started,bundle,org.eclipse.compare,3.5.201.R37x_v20110817-0800,"org.eclipse.compare",1329954527169
executed,command,org.eclipse.jdt.debug.ui,3.6.1.v20110803_r371,"org.eclipse.jdt.debug.ui.localJavaShortcut.run",1329954532537
started,bundle,org.eclipse.core.variables,3.2.500.v20110511,"org.eclipse.core.variables",1329954532624
started,bundle,org.eclipse.m2e.launching,1.0.100.20110804-1717,"org.eclipse.m2e.launching",1329954532764
deactivated,workbench,org.eclipse.ui.workbench,3.7.0.I20110519-0100,"",1329954533096
activated,workbench,org.eclipse.ui.workbench,3.7.0.I20110519-0100,"",1329954557390
deactivated,workbench,org.eclipse.ui.workbench,3.7.0.I20110519-0100,"",1329954562037
activated,workbench,org.eclipse.ui.workbench,3.7.0.I20110519-0100,"",1329954580709
executed,command,org.eclipse.ui.ide,3.7.0.v20110809-1737,"org.eclipse.ui.project.properties",1329954580770
opened,editor,org.eclipse.jdt.ui,3.7.1.r371_v20110824-0800,"org.eclipse.jdt.ui.CompilationUnitEditor",1329954705748
activated,editor,org.eclipse.jdt.ui,3.7.1.r371_v20110824-0800,"org.eclipse.jdt.ui.CompilationUnitEditor",1329954705878
deactivated,workbench,org.eclipse.ui.workbench,3.7.0.I20110519-0100,"",1329954815542
activated,workbench,org.eclipse.ui.workbench,3.7.0.I20110519-0100,"",1329954818368
deactivated,workbench,org.eclipse.ui.workbench,3.7.0.I20110519-0100,"",1329954822867
activated,workbench,org.eclipse.ui.workbench,3.7.0.I20110519-0100,"",1329954839703
started,bundle,org.eclipse.jdt.junit,3.7.0.v20110505-0800,"org.eclipse.jdt.junit",1329954847447
deactivated,workbench,org.eclipse.ui.workbench,3.7.0.I20110519-0100,"",1329954910129
activated,workbench,org.eclipse.ui.workbench,3.7.0.I20110519-0100,"",1329954916803
deactivated,workbench,org.eclipse.ui.workbench,3.7.0.I20110519-0100,"",1329954941692
activated,workbench,org.eclipse.ui.workbench,3.7.0.I20110519-0100,"",1329954944492
started,bundle,org.eclipse.mylyn.ide.ui,3.6.0.v20110608-1400,"org.eclipse.mylyn.ide.ui",1329955075561
started,bundle,org.eclipse.mylyn.java.ui,3.6.0.v20110608-1400,"org.eclipse.mylyn.java.ui",1329955075589
deactivated,workbench,org.eclipse.ui.workbench,3.7.0.I20110519-0100,"",1329955118643
activated,workbench,org.eclipse.ui.workbench,3.7.0.I20110519-0100,"",1329955118742
executed,command,org.eclipse.ui,3.7.0.I20110602-0100,"org.eclipse.ui.file.save",1329955136435
deactivated,workbench,org.eclipse.ui.workbench,3.7.0.I20110519-0100,"",1329955137849
activated,workbench,org.eclipse.ui.workbench,3.7.0.I20110519-0100,"",1329955143273
activated,view,org.eclipse.ui.console,3.5.100.v20110511,"org.eclipse.ui.console.ConsoleView",1329955143866
activated,editor,org.eclipse.jdt.ui,3.7.1.r371_v20110824-0800,"org.eclipse.jdt.ui.CompilationUnitEditor",1329955144195
activated,view,org.eclipse.ui.console,3.5.100.v20110511,"org.eclipse.ui.console.ConsoleView",1329955162912
activated,editor,org.eclipse.jdt.ui,3.7.1.r371_v20110824-0800,"org.eclipse.jdt.ui.CompilationUnitEditor",1329955171818
deactivated,workbench,org.eclipse.ui.workbench,3.7.0.I20110519-0100,"",1329955193542
activated,workbench,org.eclipse.ui.workbench,3.7.0.I20110519-0100,"",1329955196833
deactivated,workbench,org.eclipse.ui.workbench,3.7.0.I20110519-0100,"",1329955235737
activated,workbench,org.eclipse.ui.workbench,3.7.0.I20110519-0100,"",1329955240130
executed,command,org.eclipse.ui,3.7.0.I20110602-0100,"org.eclipse.ui.file.save",1329955409426
deactivated,workbench,org.eclipse.ui.workbench,3.7.0.I20110519-0100,"",1329955410500
activated,workbench,org.eclipse.ui.workbench,3.7.0.I20110519-0100,"",1329955415300
activated,view,org.eclipse.ui.console,3.5.100.v20110511,"org.eclipse.ui.console.ConsoleView",1329955418323
activated,editor,org.eclipse.jdt.ui,3.7.1.r371_v20110824-0800,"org.eclipse.jdt.ui.CompilationUnitEditor",1329955419435
executed,command,org.eclipse.ui,3.7.0.I20110602-0100,"org.eclipse.ui.file.save",1329955445807
deactivated,workbench,org.eclipse.ui.workbench,3.7.0.I20110519-0100,"",1329955446879
activated,workbench,org.eclipse.ui.workbench,3.7.0.I20110519-0100,"",1329955505552
executed,command,org.eclipse.ui,3.7.0.I20110602-0100,"org.eclipse.ui.file.save",1329955521483
deactivated,workbench,org.eclipse.ui.workbench,3.7.0.I20110519-0100,"",1329955522531
activated,workbench,org.eclipse.ui.workbench,3.7.0.I20110519-0100,"",1329955530455
activated,view,org.eclipse.ui.console,3.5.100.v20110511,"org.eclipse.ui.console.ConsoleView",1329955530936
deactivated,workbench,org.eclipse.ui.workbench,3.7.0.I20110519-0100,"",1329955532644
activated,workbench,org.eclipse.ui.workbench,3.7.0.I20110519-0100,"",1329955533399
deactivated,workbench,org.eclipse.ui.workbench,3.7.0.I20110519-0100,"",1329955535355
activated,workbench,org.eclipse.ui.workbench,3.7.0.I20110519-0100,"",1329955542856
activated,editor,org.eclipse.jdt.ui,3.7.1.r371_v20110824-0800,"org.eclipse.jdt.ui.CompilationUnitEditor",1329955544203
deactivated,workbench,org.eclipse.ui.workbench,3.7.0.I20110519-0100,"",1329955694865
activated,workbench,org.eclipse.ui.workbench,3.7.0.I20110519-0100,"",1329955721641
activated,view,org.eclipse.ui.console,3.5.100.v20110511,"org.eclipse.ui.console.ConsoleView",1329955721995
activated,editor,org.eclipse.jdt.ui,3.7.1.r371_v20110824-0800,"org.eclipse.jdt.ui.CompilationUnitEditor",1329955737252
executed,command,org.eclipse.ui,3.7.0.I20110602-0100,"org.eclipse.ui.file.save",1329955749987
deactivated,workbench,org.eclipse.ui.workbench,3.7.0.I20110519-0100,"",1329955751139
activated,workbench,org.eclipse.ui.workbench,3.7.0.I20110519-0100,"",1329955756590
deactivated,workbench,org.eclipse.ui.workbench,3.7.0.I20110519-0100,"",1329956014602
activated,workbench,org.eclipse.ui.workbench,3.7.0.I20110519-0100,"",1329956146905
executed,command,org.eclipse.ui,3.7.0.I20110602-0100,"org.eclipse.ui.file.save",1329956185167
executed,command,org.eclipse.ui,3.7.0.I20110602-0100,"org.eclipse.ui.file.save",1329956201387
deactivated,workbench,org.eclipse.ui.workbench,3.7.0.I20110519-0100,"",1329956202418
activated,workbench,org.eclipse.ui.workbench,3.7.0.I20110519-0100,"",1329956234778
activated,view,org.eclipse.ui.console,3.5.100.v20110511,"org.eclipse.ui.console.ConsoleView",1329956235105
deactivated,workbench,org.eclipse.ui.workbench,3.7.0.I20110519-0100,"",1329956238457
activated,workbench,org.eclipse.ui.workbench,3.7.0.I20110519-0100,"",1329956243126
activated,editor,org.eclipse.jdt.ui,3.7.1.r371_v20110824-0800,"org.eclipse.jdt.ui.CompilationUnitEditor",1329956356879
executed,command,org.eclipse.jdt.ui,3.7.1.r371_v20110824-0800,"org.eclipse.jdt.ui.edit.text.java.open.editor",1329956360676
activated,view,org.eclipse.jdt.ui,3.7.1.r371_v20110824-0800,"org.eclipse.jdt.ui.PackageExplorer",1329956367197
activated,editor,org.eclipse.jdt.ui,3.7.1.r371_v20110824-0800,"org.eclipse.jdt.ui.CompilationUnitEditor",1329956380121
executed,command,org.eclipse.jdt.ui,3.7.1.r371_v20110824-0800,"org.eclipse.jdt.ui.edit.text.java.open.editor",1329956382647
opened,editor,org.eclipse.jdt.ui,3.7.1.r371_v20110824-0800,"org.eclipse.jdt.ui.ClassFileEditor",1329956398771
activated,editor,org.eclipse.jdt.ui,3.7.1.r371_v20110824-0800,"org.eclipse.jdt.ui.ClassFileEditor",1329956398857
executed,command,org.eclipse.jdt.ui,3.7.1.r371_v20110824-0800,"org.eclipse.jdt.ui.edit.text.java.open.editor",1329956398932
activated,view,org.eclipse.jdt.ui,3.7.1.r371_v20110824-0800,"org.eclipse.jdt.ui.PackageExplorer",1329956403995
activated,editor,org.eclipse.jdt.ui,3.7.1.r371_v20110824-0800,"org.eclipse.jdt.ui.CompilationUnitEditor",1329956423421
activated,editor,org.eclipse.jdt.ui,3.7.1.r371_v20110824-0800,"org.eclipse.jdt.ui.ClassFileEditor",1329956424322
activated,editor,org.eclipse.jdt.ui,3.7.1.r371_v20110824-0800,"org.eclipse.jdt.ui.CompilationUnitEditor",1329956479029
executed,command,org.eclipse.ui,3.7.0.I20110602-0100,"org.eclipse.ui.file.save",1329956941431
deactivated,workbench,org.eclipse.ui.workbench,3.7.0.I20110519-0100,"",1329956942543
activated,workbench,org.eclipse.ui.workbench,3.7.0.I20110519-0100,"",1329956953502
executed,command,org.eclipse.ui,3.7.0.I20110602-0100,"org.eclipse.ui.file.save",1329957000182
deactivated,workbench,org.eclipse.ui.workbench,3.7.0.I20110519-0100,"",1329957011748
activated,workbench,org.eclipse.ui.workbench,3.7.0.I20110519-0100,"",1329957015430
activated,view,org.eclipse.ui.console,3.5.100.v20110511,"org.eclipse.ui.console.ConsoleView",1329957016584
activated,editor,org.eclipse.jdt.ui,3.7.1.r371_v20110824-0800,"org.eclipse.jdt.ui.ClassFileEditor",1329957243986
activated,editor,org.eclipse.jdt.ui,3.7.1.r371_v20110824-0800,"org.eclipse.jdt.ui.CompilationUnitEditor",1329957309904
activated,editor,org.eclipse.jdt.ui,3.7.1.r371_v20110824-0800,"org.eclipse.jdt.ui.ClassFileEditor",1329957360660
activated,editor,org.eclipse.jdt.ui,3.7.1.r371_v20110824-0800,"org.eclipse.jdt.ui.CompilationUnitEditor",1329957394150
activated,editor,org.eclipse.jdt.ui,3.7.1.r371_v20110824-0800,"org.eclipse.jdt.ui.ClassFileEditor",1329957531379
activated,editor,org.eclipse.jdt.ui,3.7.1.r371_v20110824-0800,"org.eclipse.jdt.ui.CompilationUnitEditor",1329957538114
deactivated,workbench,org.eclipse.ui.workbench,3.7.0.I20110519-0100,"",1329957607264
activated,workbench,org.eclipse.ui.workbench,3.7.0.I20110519-0100,"",1329957635448
activated,view,org.eclipse.ui.console,3.5.100.v20110511,"org.eclipse.ui.console.ConsoleView",1329957635697
activated,editor,org.eclipse.jdt.ui,3.7.1.r371_v20110824-0800,"org.eclipse.jdt.ui.ClassFileEditor",1329957667078
activated,editor,org.eclipse.jdt.ui,3.7.1.r371_v20110824-0800,"org.eclipse.jdt.ui.CompilationUnitEditor",1329957771574
activated,editor,org.eclipse.jdt.ui,3.7.1.r371_v20110824-0800,"org.eclipse.jdt.ui.ClassFileEditor",1329957938876
activated,editor,org.eclipse.jdt.ui,3.7.1.r371_v20110824-0800,"org.eclipse.jdt.ui.CompilationUnitEditor",1329957957438
executed,command,org.eclipse.ui,3.7.0.I20110602-0100,"org.eclipse.ui.file.save",1329958028493
deactivated,workbench,org.eclipse.ui.workbench,3.7.0.I20110519-0100,"",1329958029742
activated,workbench,org.eclipse.ui.workbench,3.7.0.I20110519-0100,"",1329958038558
activated,view,org.eclipse.ui.console,3.5.100.v20110511,"org.eclipse.ui.console.ConsoleView",1329958038895
activated,editor,org.eclipse.jdt.ui,3.7.1.r371_v20110824-0800,"org.eclipse.jdt.ui.CompilationUnitEditor",1329958039598
executed,command,org.eclipse.ui,3.7.0.I20110602-0100,"org.eclipse.ui.file.save",1329958358099
deactivated,workbench,org.eclipse.ui.workbench,3.7.0.I20110519-0100,"",1329958359336
activated,workbench,org.eclipse.ui.workbench,3.7.0.I20110519-0100,"",1329958504979
deactivated,workbench,org.eclipse.ui.workbench,3.7.0.I20110519-0100,"",1329958569511
activated,workbench,org.eclipse.ui.workbench,3.7.0.I20110519-0100,"",1329958671897
deactivated,workbench,org.eclipse.ui.workbench,3.7.0.I20110519-0100,"",1329958674649
activated,workbench,org.eclipse.ui.workbench,3.7.0.I20110519-0100,"",1329958778186
deactivated,workbench,org.eclipse.ui.workbench,3.7.0.I20110519-0100,"",1329958778314
activated,workbench,org.eclipse.ui.workbench,3.7.0.I20110519-0100,"",1329958824365
deactivated,workbench,org.eclipse.ui.workbench,3.7.0.I20110519-0100,"",1329958827985
activated,workbench,org.eclipse.ui.workbench,3.7.0.I20110519-0100,"",1329958829828
deactivated,workbench,org.eclipse.ui.workbench,3.7.0.I20110519-0100,"",1329958829900
activated,workbench,org.eclipse.ui.workbench,3.7.0.I20110519-0100,"",1329958829954
deactivated,workbench,org.eclipse.ui.workbench,3.7.0.I20110519-0100,"",1329958830056
activated,workbench,org.eclipse.ui.workbench,3.7.0.I20110519-0100,"",1329959092729
deactivated,workbench,org.eclipse.ui.workbench,3.7.0.I20110519-0100,"",1329959095054
activated,workbench,org.eclipse.ui.workbench,3.7.0.I20110519-0100,"",1329959275231
deactivated,workbench,org.eclipse.ui.workbench,3.7.0.I20110519-0100,"",1329959309277
activated,workbench,org.eclipse.ui.workbench,3.7.0.I20110519-0100,"",1329959315032
deactivated,workbench,org.eclipse.ui.workbench,3.7.0.I20110519-0100,"",1329959319117
closed,workbench,org.eclipse.ui.workbench,3.7.0.I20110519-0100,"",1329959323806
